case_id,hpv_status,figo_stage,tumor_size_category,depth_invasion_category,lymph_node_status,surgical_margins,p53_ihc_status,pdl1_ic_percent,pdl1_status,rfs_months_60,recurrence_60,dss_months_60,disease_death_60,cd123_tumor_area_pct,cd123_stroma_pct,cd123_perivascular_pct,cd163_tumor_area_pct,cd163_stroma_pct,cd163_perivascular_pct
VSCC-001,HPV-associated,1 (Advanced),≤25 mm,>5 mm,1,Free,Normal,5,Positive,29.5,1,42.3,0,NA,NA,NA,NA,NA,NA
VSCC-002,HPV-associated,0 (Initial),>25 mm,>5 mm,0,Free,Normal,2,Positive,16.8,0,16.8,0,NA,NA,NA,NA,NA,NA
VSCC-003,HPV-associated,1 (Advanced),>25 mm,>5 mm,1,Free,Normal,0,Negative,25,0,25,0,NA,NA,NA,NA,NA,NA
VSCC-004,HPV-associated,0 (Initial),≤25 mm,≤5 mm,0,Affected,Normal,0,Negative,6.1,1,38.2,0,NA,NA,NA,NA,NA,NA
VSCC-005,HPV-associated,1 (Advanced),≤25 mm,>5 mm,1,Free,Normal,2,Positive,25.4,0,25.4,0,NA,NA,NA,NA,NA,NA
VSCC-007,HPV-associated,0 (Initial),>25 mm,>5 mm,0,Affected,Normal,0,Negative,2.3,0,2.3,0,NA,NA,NA,NA,NA,NA
VSCC-008,HPV-independent,0 (Initial),≤25 mm,>5 mm,0,Free,Abnormal,0,Negative,60,0,60,0,NA,NA,NA,3,5,1
VSCC-009,HPV-independent,0 (Initial),≤25 mm,≤5 mm,0,Free,Abnormal,0,Negative,60,0,60,0,99,99,80,50,50,55
VSCC-010,HPV-independent,0 (Initial),≤25 mm,≤5 mm,0,Free,Abnormal,0,Negative,60,0,60,0,40,40,10,6,6,3
VSCC-011,HPV-associated,0 (Initial),≤25 mm,≤5 mm,0,Free,Normal,5,Positive,60,0,60,0,NA,NA,NA,NA,NA,NA
VSCC-012,HPV-independent,0 (Initial),≤25 mm,>5 mm,0,Free,Normal,8,Positive,60,0,60,0,10,10,5,20,15,15
VSCC-013,HPV-independent,0 (Initial),≤25 mm,≤5 mm,0,Free,Abnormal,0,Negative,11.4,1,35.3,1,1,1,1,0,0,0
VSCC-014,HPV-associated,0 (Initial),>25 mm,>5 mm,0,Free,Normal,0,Negative,41,1,45.6,0,NA,NA,NA,NA,NA,NA
VSCC-015,HPV-independent,0 (Initial),>25 mm,≤5 mm,0,Free,Abnormal,0,Negative,60,0,60,0,0,0,0,NA,NA,NA
VSCC-016,HPV-associated,0 (Initial),>25 mm,>5 mm,0,Free,Normal,0,Negative,16.5,0,16.5,0,NA,NA,NA,NA,NA,NA
VSCC-017,HPV-independent,1 (Advanced),>25 mm,>5 mm,1,Free,Abnormal,0,Negative,21.9,1,32.9,0,30,30,10,15,15,20
VSCC-019,HPV-independent,1 (Advanced),≤25 mm,≤5 mm,1,Free,Normal,0,Negative,50.1,1,52.2,1,10,20,10,5,10,10
VSCC-020,HPV-independent,1 (Advanced),>25 mm,>5 mm,1,Free,Abnormal,3,Positive,6.1,1,16.9,1,NA,NA,NA,30,35,35
VSCC-021,HPV-independent,1 (Advanced),>25 mm,>5 mm,1,Free,Abnormal,3,Positive,8.8,1,10.9,1,5,10,5,40,60,10
VSCC-022,HPV-independent,0 (Initial),>25 mm,>5 mm,0,Free,Abnormal,1,Positive,5.2,1,10.9,1,10,10,5,20,10,35
VSCC-023,HPV-independent,0 (Initial),>25 mm,>5 mm,0,Free,Abnormal,0,Negative,60,0,60,0,40,40,10,3,5,5
VSCC-024,HPV-associated,0 (Initial),≤25 mm,≤5 mm,0,Affected,Normal,0,Negative,16.8,0,16.8,0,NA,NA,NA,NA,NA,NA
VSCC-025,HPV-associated,0 (Initial),≤25 mm,≤5 mm,0,Free,Normal,0,Negative,60,0,60,0,NA,NA,NA,NA,NA,NA
VSCC-026,HPV-associated,0 (Initial),≤25 mm,>5 mm,0,Affected,Normal,4,Positive,60,0,60,0,NA,NA,NA,NA,NA,NA
VSCC-027,HPV-associated,1 (Advanced),≤25 mm,>5 mm,1,Free,Normal,8,Positive,60,0,60,0,NA,NA,NA,NA,NA,NA
VSCC-028,HPV-independent,0 (Initial),>25 mm,>5 mm,0,Free,Abnormal,0,Negative,60,0,60,0,2,2,1,15,15,10
VSCC-029,HPV-independent,0 (Initial),≤25 mm,≤5 mm,0,Free,Abnormal,0,Negative,5.7,1,60,0,5,3,3,98,98,98
VSCC-030,HPV-independent,1 (Advanced),≤25 mm,≤5 mm,0,Free,Abnormal,3,Positive,3.6,1,24.1,0,10,10,10,15,20,30
VSCC-031,HPV-independent,0 (Initial),>25 mm,≤5 mm,0,Free,Normal,0,Negative,60,0,60,0,50,50,60,5,5,20
VSCC-032,HPV-independent,0 (Initial),≤25 mm,≤5 mm,0,Free,Abnormal,0,Negative,60,0,60,0,NA,NA,NA,NA,NA,NA
VSCC-033,HPV-independent,0 (Initial),>25 mm,>5 mm,0,Free,Normal,0,Negative,60,0,60,0,99,99,80,2,3,4
VSCC-034,HPV-independent,1 (Advanced),≤25 mm,>5 mm,1,Free,Abnormal,0,Negative,7.6,1,7.9,1,0,0,0,2,2,2
VSCC-035,HPV-independent,1 (Advanced),≤25 mm,>5 mm,1,Free,Abnormal,2,Positive,60,0,60,0,NA,NA,NA,0.3,0,0
VSCC-036,HPV-independent,1 (Advanced),>25 mm,>5 mm,1,Free,Normal,3,Positive,52.4,0,52.4,0,50,35,70,70,60,40
VSCC-038,HPV-independent,0 (Initial),≤25 mm,≤5 mm,0,Free,Abnormal,7,Positive,60,0,60,0,30,30,1,20,20,30
VSCC-039,HPV-independent,1 (Advanced),≤25 mm,>5 mm,1,Free,Abnormal,0,Negative,9.8,1,60,0,NA,NA,NA,0.5,0.3,0
VSCC-040,HPV-independent,0 (Initial),≤25 mm,≤5 mm,0,Free,Normal,2,Positive,52.2,0,52.2,0,35,20,20,8,5,10
VSCC-041,HPV-independent,0 (Initial),≤25 mm,≤5 mm,0,Free,Normal,0,Negative,60,0,60,0,70,70,50,5,4,8
VSCC-042,HPV-independent,1 (Advanced),>25 mm,>5 mm,1,Free,Abnormal,0,Negative,4.8,1,10.5,1,5,5,1,70,70,85
VSCC-043,HPV-independent,1 (Advanced),>25 mm,>5 mm,1,Affected,Abnormal,0,Negative,10.3,0,10.3,0,5,5,0,70,70,80
VSCC-044,HPV-independent,1 (Advanced),≤25 mm,≤5 mm,1,Free,Normal,8,Positive,9.1,1,14.8,1,5,5,0,30,40,5
VSCC-045,HPV-independent,1 (Advanced),>25 mm,>5 mm,1,Free,Abnormal,2,Positive,7.7,0,7.7,0,20,15,10,80,70,80
VSCC-046,HPV-independent,0 (Initial),>25 mm,≤5 mm,0,Free,Normal,6,Positive,36.7,0,36.7,0,NA,NA,NA,20,20,10
VSCC-047,HPV-independent,1 (Advanced),≤25 mm,>5 mm,1,Free,Abnormal,0,Negative,10.8,1,29.9,1,15,15,20,35,40,30
VSCC-048,HPV-associated,0 (Initial),≤25 mm,≤5 mm,0,Free,Normal,0,Negative,60,0,60,0,NA,NA,NA,NA,NA,NA
VSCC-049,HPV-independent,0 (Initial),≤25 mm,≤5 mm,0,Free,Abnormal,2,Positive,60,0,60,0,NA,NA,NA,15,20,4
VSCC-050,HPV-independent,1 (Advanced),>25 mm,>5 mm,1,Free,Abnormal,7,Positive,11.1,1,16.3,1,5,1,1,40,45,60
VSCC-051,HPV-associated,0 (Initial),≤25 mm,≤5 mm,0,Free,Normal,3,Positive,58.1,0,58.1,0,NA,NA,NA,NA,NA,NA
VSCC-052,HPV-independent,0 (Initial),≤25 mm,>5 mm,0,Free,Abnormal,0,Negative,37.1,0,37.1,0,15,20,35,8,8,10
VSCC-053,HPV-independent,0 (Initial),>25 mm,>5 mm,0,Free,Abnormal,5,Positive,17.8,0,24.4,1,NA,NA,NA,15,20,15
VSCC-054,HPV-independent,0 (Initial),>25 mm,≤5 mm,1,Free,Normal,0,Negative,5.5,0,5.5,1,6,4,0,20,35,10
VSCC-055,HPV-independent,1 (Advanced),≤25 mm,>5 mm,1,Free,Abnormal,0,Negative,48.6,0,48.6,0,2,2,1,0,0,0
VSCC-056,HPV-independent,0 (Initial),≤25 mm,>5 mm,0,Free,Abnormal,5,Positive,5.6,1,7.9,1,20,20,30,20,30,5
VSCC-057,HPV-associated,1 (Advanced),>25 mm,≤5 mm,1,Free,Normal,0,Negative,54.3,0,54.3,0,NA,NA,NA,NA,NA,NA
VSCC-058,HPV-independent,0 (Initial),>25 mm,≤5 mm,0,Free,Abnormal,0,Negative,13,0,13,0,15,30,10,5,5,5
VSCC-059,HPV-associated,0 (Initial),>25 mm,≤5 mm,0,Free,Abnormal,6,Positive,54.8,0,54.8,0,NA,NA,NA,NA,NA,NA
VSCC-060,HPV-independent,0 (Initial),>25 mm,>5 mm,1,Free,Abnormal,0,Negative,26,0,26,0,0,0,0,0,0,0
VSCC-061,HPV-independent,0 (Initial),>25 mm,≤5 mm,0,Free,Abnormal,8,Positive,47.7,0,47.7,0,15,15,15,15,20,10
VSCC-062,HPV-independent,1 (Advanced),>25 mm,≤5 mm,1,Free,Abnormal,2,Positive,6.6,1,9.4,1,8,9,5,3,0.05,1
VSCC-063,HPV-independent,1 (Advanced),>25 mm,≤5 mm,1,Free,Abnormal,0,Negative,7.6,1,14.3,1,5,5,5,80,80,90
VSCC-064,HPV-independent,0 (Initial),≤25 mm,>5 mm,0,Free,Abnormal,0,Negative,47.4,0,47.4,0,0,0,0,0,0,0
VSCC-065,HPV-independent,0 (Initial),>25 mm,>5 mm,0,Free,Abnormal,2,Positive,34.9,0,34.9,0,20,20,1,10,15,20
VSCC-066,HPV-independent,0 (Initial),≤25 mm,>5 mm,0,Free,Abnormal,2,Positive,6.7,1,17.6,1,30,30,20,5,5,10
VSCC-067,HPV-independent,0 (Initial),>25 mm,>5 mm,0,Free,Normal,0,Negative,39.1,0,39.1,0,50,60,0,2,1,0
VSCC-068,HPV-independent,1 (Advanced),≤25 mm,≤5 mm,1,Free,Abnormal,3,Positive,6.9,1,9.9,1,NA,NA,NA,30,40,20
VSCC-069,HPV-independent,0 (Initial),≤25 mm,>5 mm,1,Free,Abnormal,2,Positive,15.2,1,16,1,5,5,5,18,15,6
VSCC-070,HPV-independent,0 (Initial),≤25 mm,≤5 mm,1,Free,Abnormal,0,Negative,14.5,1,36.6,0,10,10,15,8,15,8
VSCC-071,HPV-independent,0 (Initial),>25 mm,>5 mm,1,Affected,Abnormal,0,Negative,3.6,1,39.1,0,20,30,5,7,8,2
VSCC-072,HPV-independent,1 (Advanced),>25 mm,≤5 mm,1,Free,Abnormal,8,Positive,38.2,0,38.2,0,60,55,80,35,35,20
VSCC-073,HPV-associated,1 (Advanced),>25 mm,≤5 mm,0,Free,Normal,3,Positive,16.3,0,16.3,0,NA,NA,NA,NA,NA,NA
